{"cameraMode":{"drawMode":31,"name":"Sprite Mask","section":"Miscellaneous"},"sceneLighting":true,"audioPlay":false,"sceneViewState":{"showFog":true,"showMaterialUpdate":false,"showSkybox":true,"showFlares":true,"showImageEffects":true,"showParticleSystems":true},"in2DMode":false,"pivot":{"x":156.625,"y":1.1351161003112794,"z":119.56138610839844},"rotation":{"x":-0.1197841539978981,"y":0.6393020749092102,"z":-0.10173476487398148,"w":-0.7527248859405518},"size":3.161454916000366,"orthographic":false}